{
  "CompoundCrossBow.fbx": {
    "new": {
      "min": [
        -0.0020180693827569485,
        -0.00017746012599673122,
        -0.00018806186562869698
      ],
      "max": [
        0.0020180693827569485,
        0.0005935740773566067,
        0.0037595375906676054
      ],
      "size": [
        0.004036138765513897,
        0.0007710342033533379,
        0.003947599456296302
      ],
      "center": [
        0.0,
        0.00020805697567993775,
        0.0017857378625194542
      ]
    },
    "reference": {
      "min": [
        -0.0020825194660574198,
        -0.0007006842060945928,
        -0.0017175293760374188
      ],
      "max": [
        0.0020825194660574198,
        0.0003457644197624177,
        0.0041650389321148396
      ],
      "size": [
        0.0041650389321148396,
        0.0010464486258570105,
        0.005882568308152258
      ],
      "center": [
        0.0,
        -0.00017745989316608757,
        0.0012237547780387104
      ]
    },
    "size_delta_ratio": [
      -0.030948130065975705,
      -0.2631896260345473,
      -0.32893266180596864
    ],
    "center_delta": [
      0.0,
      0.0003855168688460253,
      0.0005619830844807439
    ]
  },
  "CompoundCrossBowDrawn.fbx": {
    "new": {
      "min": [
        -0.0020180693827569485,
        -0.00017746012599673122,
        -0.00018806186562869698
      ],
      "max": [
        0.0020180693827569485,
        0.0005935741355642676,
        0.003929735627025366
      ],
      "size": [
        0.004036138765513897,
        0.0007710342615609989,
        0.004117797492654063
      ],
      "center": [
        0.0,
        0.0002080570047837682,
        0.0018708368806983344
      ]
    },
    "reference": {
      "min": [
        -0.0018286133417859674,
        -0.0007006839150562882,
        -0.004140625242143869
      ],
      "max": [
        0.001828613574616611,
        0.0003457650891505182,
        0.001738281804136932
      ],
      "size": [
        0.0036572269164025784,
        0.0010464490042068064,
        0.005878907046280801
      ],
      "center": [
        1.1641532182693481e-10,
        -0.00017745941295288503,
        -0.0012011717190034688
      ]
    },
    "size_delta_ratio": [
      0.10360632735472543,
      -0.26318983680869196,
      -0.299564109410588
    ],
    "center_delta": [
      -1.1641532182693481e-10,
      0.00038551641773665324,
      0.003072008599701803
    ]
  },
  "CrossBow.fbx": {
    "new": {
      "min": [
        -9.0386962890625,
        -0.2171686887741089,
        -2.07531476020813
      ],
      "max": [
        9.017162322998047,
        3.2486908435821533,
        15.448582649230957
      ],
      "size": [
        18.055858612060547,
        3.465859532356262,
        17.523897409439087
      ],
      "center": [
        -0.010766983032226562,
        1.5157610774040222,
        6.686633944511414
      ]
    },
    "reference": {
      "min": [
        -9.60451889038086,
        -2.6333463191986084,
        -15.55984115600586
      ],
      "max": [
        9.582985877990723,
        2.4640772342681885,
        6.238699436187744
      ],
      "size": [
        19.187504768371582,
        5.097423553466797,
        21.798540592193604
      ],
      "center": [
        -0.01076650619506836,
        -0.08463454246520996,
        -4.660570859909058
      ]
    },
    "size_delta_ratio": [
      -0.05897828664915435,
      -0.32007621183468177,
      -0.19609767748788343
    ],
    "center_delta": [
      -4.76837158203125e-07,
      1.6003956198692322,
      11.347204804420471
    ]
  },
  "CrossBowDrawn.fbx": {
    "new": {
      "min": [
        -9.038515090942383,
        -0.2171686887741089,
        -2.07531476020813
      ],
      "max": [
        9.01698112487793,
        3.2486908435821533,
        15.448582649230957
      ],
      "size": [
        18.055496215820312,
        3.465859532356262,
        17.523897409439087
      ],
      "center": [
        -0.010766983032226562,
        1.5157610774040222,
        6.686633944511414
      ]
    },
    "reference": {
      "min": [
        -9.43618392944336,
        -2.6333463191986084,
        -15.573847770690918
      ],
      "max": [
        9.436184883117676,
        2.4640772342681885,
        6.238699436187744
      ],
      "size": [
        18.872368812561035,
        5.097423553466797,
        21.812547206878662
      ],
      "center": [
        4.76837158203125e-07,
        -0.08463454246520996,
        -4.667574167251587
      ]
    },
    "size_delta_ratio": [
      -0.04328405219577047,
      -0.32007621183468177,
      -0.19661389184694278
    ],
    "center_delta": [
      -0.010767459869384766,
      1.6003956198692322,
      11.354208111763
    ]
  },
  "HandCrossBow.fbx": {
    "new": {
      "min": [
        -4.474308967590332,
        -3.0294952392578125,
        -2.552795171737671
      ],
      "max": [
        4.474309921264648,
        4.071599006652832,
        8.657427787780762
      ],
      "size": [
        8.94861888885498,
        7.1010942459106445,
        11.210222959518433
      ],
      "center": [
        4.76837158203125e-07,
        0.5210518836975098,
        3.0523163080215454
      ]
    },
    "reference": {
      "min": [
        -4.474308967590332,
        -2.9703428745269775,
        -1.0632131099700928
      ],
      "max": [
        4.474309921264648,
        4.130749702453613,
        10.147007942199707
      ],
      "size": [
        8.94861888885498,
        7.101092576980591,
        11.2102210521698
      ],
      "center": [
        4.76837158203125e-07,
        0.5802034139633179,
        4.541897416114807
      ]
    },
    "size_delta_ratio": [
      0.0,
      2.3502440443053235e-07,
      1.701437129505419e-07
    ],
    "center_delta": [
      0.0,
      -0.059151530265808105,
      -1.4895811080932617
    ]
  },
  "HandCrossBowDrawn.fbx": {
    "new": {
      "min": [
        -4.386606216430664,
        -3.500108480453491,
        -2.559209108352661
      ],
      "max": [
        4.387486457824707,
        4.855584621429443,
        8.77640151977539
      ],
      "size": [
        8.774092674255371,
        8.355693101882935,
        11.335610628128052
      ],
      "center": [
        0.0004401206970214844,
        0.6777380704879761,
        3.1085962057113647
      ]
    },
    "reference": {
      "min": [
        -4.386572360992432,
        -3.4104390144348145,
        -1.080565333366394
      ],
      "max": [
        4.3875203132629395,
        4.945252895355225,
        10.255043029785156
      ],
      "size": [
        8.774092674255371,
        8.355691909790039,
        11.33560836315155
      ],
      "center": [
        0.00047397613525390625,
        0.7674069404602051,
        4.587238848209381
      ]
    },
    "size_delta_ratio": [
      0.0,
      1.4266836407779512e-07,
      1.9981075817929282e-07
    ],
    "center_delta": [
      -3.3855438232421875e-05,
      -0.089668869972229,
      -1.4786426424980164
    ]
  },
  "ImprovedCrossBow.fbx": {
    "new": {
      "min": [
        -0.0023484856355935335,
        -1.706582770566456e-05,
        -0.00024441516143269837
      ],
      "max": [
        0.0023484856355935335,
        0.00097233074484393,
        0.004197439178824425
      ],
      "size": [
        0.004696971271187067,
        0.0009893965725495946,
        0.004441854340257123
      ],
      "center": [
        0.0,
        0.0004776324585691327,
        0.001976512008695863
      ]
    },
    "reference": {
      "min": [
        -0.0024951172526925802,
        -0.0007794179837219417,
        -0.0038452157750725746
      ],
      "max": [
        0.0024951172526925802,
        0.0006866438779979944,
        0.001625977922230959
      ],
      "size": [
        0.0049902345053851604,
        0.0014660618617199361,
        0.0054711936973035336
      ],