{
  "CompoundCrossBow.fbx": {
    "objects": [
      {
        "name": "CompoundCrossbow",
        "type": "MESH",
        "location": [
          0.0,
          0.0,
          0.0
        ],
        "rotation_euler": [
          -3.141592502593994,
          0.0,
          0.0
        ],
        "scale": [
          9.999999747378752e-05,
          9.999999747378752e-05,
          9.999999747378752e-05
        ],
        "dimensions": [
          0.0041650389321148396,
          0.0010464477818459272,
          0.005882568191736937
        ],
        "bounds": {
          "min": [
            -0.0020825194660574198,
            -0.0007006842060945928,
            -0.0017175293760374188
          ],
          "max": [
            0.0020825194660574198,
            0.0003457644197624177,
            0.0041650389321148396
          ]
        },
        "vertices": 17094,
        "polygons": 16477
      }
    ],
    "bounds": {
      "min": [
        -0.0020825194660574198,
        -0.0007006842060945928,
        -0.0017175293760374188
      ],
      "max": [
        0.0020825194660574198,
        0.0003457644197624177,
        0.0041650389321148396
      ],
      "size": [
        0.0041650389321148396,
        0.0010464486258570105,
        0.005882568308152258
      ],
      "center": [
        0.0,
        -0.00017745989316608757,
        0.0012237547780387104
      ]
    }
  },
  "CompoundCrossBowDrawn.fbx": {
    "objects": [
      {
        "name": "CompoundCrossbowDrawn",
        "type": "MESH",
        "location": [
          0.0,
          0.0,
          0.0
        ],
        "rotation_euler": [
          -2.821299744937278e-07,
          -3.1415927410125732,
          -0.0
        ],
        "scale": [
          9.999999747378752e-05,
          9.999999747378752e-05,
          9.999999747378752e-05
        ],
        "dimensions": [
          0.003657226450741291,
          0.00104644731618464,
          0.005878906697034836
        ],
        "bounds": {
          "min": [
            -0.0018286133417859674,
            -0.0007006839150562882,
            -0.004140625242143869
          ],
          "max": [
            0.001828613574616611,
            0.0003457650891505182,
            0.001738281804136932
          ]
        },
        "vertices": 7915,
        "polygons": 7304
      }
    ],
    "bounds": {
      "min": [
        -0.0018286133417859674,
        -0.0007006839150562882,
        -0.004140625242143869
      ],
      "max": [
        0.001828613574616611,
        0.0003457650891505182,
        0.001738281804136932
      ],
      "size": [
        0.0036572269164025784,
        0.0010464490042068064,
        0.005878907046280801
      ],
      "center": [
        1.1641532182693481e-10,
        -0.00017745941295288503,
        -0.0012011717190034688
      ]
    }
  },
  "CrossBow.fbx": {
    "objects": [
      {
        "name": "Plane.006",
        "type": "MESH",
        "location": [
          0.0,
          0.0,
          0.0
        ],
        "rotation_euler": [
          -1.5707966089248657,
          0.0,
          0.0
        ],
        "scale": [
          9.999999747378752e-05,
          9.999999747378752e-05,
          9.999999747378752e-05
        ],
        "dimensions": [
          19.187503814697266,
          21.798538208007812,
          5.097417831420898
        ],
        "bounds": {
          "min": [
            -9.60451889038086,
            -2.6333463191986084,
            -15.55984115600586
          ],
          "max": [
            9.582985877990723,
            2.4640772342681885,
            6.238699436187744
          ]
        },
        "vertices": 959,
        "polygons": 879
      }
    ],
    "bounds": {
      "min": [
        -9.60451889038086,
        -2.6333463191986084,
        -15.55984115600586
      ],
      "max": [
        9.582985877990723,
        2.4640772342681885,
        6.238699436187744
      ],
      "size": [
        19.187504768371582,
        5.097423553466797,
        21.798540592193604
      ],
      "center": [
        -0.01076650619506836,
        -0.08463454246520996,
        -4.660570859909058
      ]
    }
  },
  "CrossBowDrawn.fbx": {
    "objects": [
      {
        "name": "Plane.006",
        "type": "MESH",
        "location": [
          0.0,
          0.0,
          0.0
        ],
        "rotation_euler": [
          -1.5707966089248657,
          0.0,
          0.0
        ],
        "scale": [
          9.999999747378752e-05,
          9.999999747378752e-05,
          9.999999747378752e-05
        ],
        "dimensions": [
          18.87236785888672,
          21.812543869018555,
          5.097417831420898
        ],
        "bounds": {
          "min": [
            -9.43618392944336,
            -2.6333463191986084,
            -15.573847770690918
          ],
          "max": [
            9.436184883117676,
            2.4640772342681885,
            6.238699436187744
          ]
        },
        "vertices": 1010,
        "polygons": 938
      }
    ],
    "bounds": {
      "min": [
        -9.43618392944336,
        -2.6333463191986084,
        -15.573847770690918
      ],
      "max": [
        9.436184883117676,
        2.4640772342681885,
        6.238699436187744
      ],
      "size": [
        18.872368812561035,
        5.097423553466797,
        21.812547206878662
      ],
      "center": [
        4.76837158203125e-07,
        -0.08463454246520996,
        -4.667574167251587
      ]
    }
  },
  "HandCrossBow.fbx": {
    "objects": [
      {
        "name": "Plane.001",
        "type": "MESH",
        "location": [
          0.0,
          0.0,
          0.0
        ],
        "rotation_euler": [
          3.1391644483846903e-07,
          1.2727992250926527e-14,
          1.570796012878418
        ],
        "scale": [
          9.999999747378752e-05,
          9.999999747378752e-05,
          9.999999747378752e-05
        ],
        "dimensions": [
          7.1010894775390625,
          8.948613166809082,
          11.21021842956543
        ],
        "bounds": {
          "min": [
            -4.474308967590332,
            -2.9703428745269775,
            -1.0632131099700928
          ],
          "max": [
            4.474309921264648,
            4.130749702453613,
            10.147007942199707
          ]
        },
        "vertices": 1394,
        "polygons": 1288
      }
    ],
    "bounds": {
      "min": [
        -4.474308967590332,
        -2.9703428745269775,
        -1.0632131099700928
      ],
      "max": [
        4.474309921264648,
        4.130749702453613,
        10.147007942199707
      ],
      "size": [
        8.94861888885498,
        7.101092576980591,
        11.2102210521698
      ],
      "center": [
        4.76837158203125e-07,
        0.5802034139633179,
        4.541897416114807
      ]
    }
  },
  "HandCrossBowDrawn.fbx": {
    "objects": [
      {
        "name": "Plane.009",
        "type": "MESH",
        "location": [
          0.0,
          0.0,
          0.0
        ],
        "rotation_euler": [
          2.5318199732282665e-06,
          0.08726637810468674,
          1.5707964897155762
        ],
        "scale": [
          9.99999901978299e-05,
          9.999999747378752e-05,
          9.99999901978299e-05
        ],
        "dimensions": [
          7.449103832244873,
          8.774064064025879,
          10.727174758911133
        ],
        "bounds": {
          "min": [
            -4.386572360992432,
            -3.4104390144348145,
            -1.080565333366394
          ],
          "max": [
            4.3875203132629395,
            4.945252895355225,
            10.255043029785156
          ]
        },
        "vertices": 1475,
        "polygons": 1372
      }
    ],
    "bounds": {
      "min": [
        -4.386572360992432,
        -3.4104390144348145,
        -1.080565333366394
      ],